canonicalKey,displayName,legacyPageLabel,imageFilename,sourceUrl,altText,imageStatus,confidence
bolillo__plain-roll,Bolillo / Plain roll,Bolillos,021-bolillos.jpg,https://images.squarespace-cdn.com/content/v1/5c50e9ee266c07d1c2579e2e/1560793371469-QEH1U3SYHGTX5L1W4T95/IMG_3543.JPG,Photo of Bolillos from Juquilita Bakery.,legacyVerified,high
telera__sandwich-roll,Telera / Sandwich roll,Telera,022-telera.jpg,https://images.squarespace-cdn.com/content/v1/5c50e9ee266c07d1c2579e2e/1549137997695-YABSJ3NSXOV6JL4TJSNO/IMG_3544.JPG,Photo of Telera from Juquilita Bakery.,legacyVerified,high
panbasos__pambazo-bread,Panbasos / Pambazo bread,,,,Photo coming soon for Pambazo bread.,needsOwnerPhoto,low
bolinachos__cream-cheese-jalapeno-bread,Bolinachos / Cream cheese jalapeño bread,,,,Photo coming soon for Cream cheese jalapeño bread.,needsOwnerPhoto,low
pan-relleno__stuffed-bread,Pan relleno / Stuffed bread,Stuffed savory breads,182-stuffed-savory-breads.jpg,https://images.squarespace-cdn.com/content/v1/5c50e9ee266c07d1c2579e2e/1686775461371-08IN0R3YLU77C70B2IKL/IMG_2048.jpeg,Open stuffed savory breads arranged in a tray.,legacyVerified,medium
relleno-de-chorizo__chorizo-stuffed-bread,Relleno de chorizo / Chorizo stuffed bread,,,,Photo coming soon for Chorizo stuffed bread.,needsOwnerPhoto,low
pan-amarillo__yellow-bread,Pan amarillo / Yellow bread,,,,Photo coming soon for Yellow bread.,needsOwnerPhoto,low
pan-serrano__serrano-bread,Pan serrano / Serrano bread,,,,Photo coming soon for Serrano bread.,needsOwnerPhoto,low
pan-de-yema__egg-yolk-bread,Pan de yema / Egg yolk bread,Pan de yema muñeco with sesame,186-pan-de-yema-muneco-with-sesame.jpg,https://images.squarespace-cdn.com/content/v1/5c50e9ee266c07d1c2579e2e/1686775480968-TU7997JGECDUQ1KB0B4H/IMG_1734.jpeg,Pan de yema muñeco decorated with sesame seeds and a painted face.,legacyVerified,high
semitas__oaxacan-semitas,Semitas / Oaxacan semitas,,,,Photo coming soon for Oaxacan semitas.,needsOwnerPhoto,low
ojaldra__oaxacan-ojaldra,Ojaldra / Oaxacan ojaldra,,,,Photo coming soon for Oaxacan ojaldra.,needsOwnerPhoto,low
polvoron-de-azucar__sugar-polvoron,Polvorón de azúcar / Sugar polvorón,Polvorones de azúcar,023-polvorones-de-azucar.jpg,https://images.squarespace-cdn.com/content/v1/5c50e9ee266c07d1c2579e2e/1549137965975-31RDN7KLK6FAG2DMN72L/IMG_3531.JPG,Photo of Polvorones de azúcar from Juquilita Bakery.,legacyVerified,high
polvoron-con-azucar-rosa__pink-sugar-polvoron,Polvorón con azúcar rosa / Pink sugar polvorón,Pink sugar polvorones,024-pink-sugar-polvorones.jpg,https://images.squarespace-cdn.com/content/v1/5c50e9ee266c07d1c2579e2e/1549137970816-1KK6G9CAQABBMIWCHH5M/IMG_3532.JPG,Photo of Pink sugar polvorones from Juquilita Bakery.,legacyVerified,high
lima-con-fresa__jam-sugar-cookie,Lima con fresa / Jam sugar cookie,Lima strawberry jam polvorones,025-lima-strawberry-jam-polvorones.jpg,https://images.squarespace-cdn.com/content/v1/5c50e9ee266c07d1c2579e2e/1549137973351-5V0T6IISB27ZI49HAR25/IMG_3533.JPG,Photo of Lima strawberry jam polvorones from Juquilita Bakery.,legacyVerified,high
zurrapa__three-color-polvoron,Zurrapa / Three-color polvorón,Zurrapa three-color polvorones,026-zurrapa-three-color-polvorones.jpg,https://images.squarespace-cdn.com/content/v1/5c50e9ee266c07d1c2579e2e/1549138049234-MXSQXXUOCQM8D1XFPA5N/IMG_5947.JPG,Photo of Zurrapa three-color polvorones from Juquilita Bakery.,legacyVerified,high
polvoron-con-gragea__sprinkle-polvoron,Polvorón con gragea / Sprinkle polvorón,Sprinkled polvorones,027-sprinkled-polvorones.jpg,https://images.squarespace-cdn.com/content/v1/5c50e9ee266c07d1c2579e2e/1588350552136-8HIPSIO0Y75WHO1DYPRU/IMG_3536.jpg,Photo of Sprinkled polvorones from Juquilita Bakery.,legacyVerified,high
galleta-de-carita__smiley-cookie,Galleta de carita / Smiley cookie,Smiley face cookies,028-smiley-face-cookies.jpg,https://images.squarespace-cdn.com/content/v1/5c50e9ee266c07d1c2579e2e/1549171793688-E4P2VNEYY5DITM9TWGPC/0115191104b_2.jpg,Photo of Smiley face cookies from Juquilita Bakery.,legacyVerified,high
galleta-de-corazon__heart-sprinkle-cookie,Galleta de corazón / Heart sprinkle cookie,Heart-shaped sprinkle cookies,029-heart-shaped-sprinkle-cookies.jpg,https://images.squarespace-cdn.com/content/v1/5c50e9ee266c07d1c2579e2e/1549171798259-PJSJLSJM6OMXAV5QEFO5/0115191122_2.jpg,Photo of Heart-shaped sprinkle cookies from Juquilita Bakery.,legacyVerified,high
polvoron-con-pedazos-de-chocolate__chocolate-chip-sugar-cookie,Polvorón con pedazos de chocolate / Chocolate-chip sugar cookie,Chocolate chip polvorón,031-chocolate-chip-polvoron.jpg,https://images.squarespace-cdn.com/content/v1/5c50e9ee266c07d1c2579e2e/1560797264099-QD5TYVI33ZT3IEQDDAHA/0614191537b.jpg,Photo of Chocolate chip polvorón from Juquilita Bakery.,legacyVerified,high
galleta-de-gragea__sprinkled-cookie,Galleta de gragea / Sprinkled cookie,Round rainbow sprinkle cookies,032-round-rainbow-sprinkle-cookies.jpg,https://images.squarespace-cdn.com/content/v1/5c50e9ee266c07d1c2579e2e/1560797228633-U06VZWONBFRN169CVXAM/0614191537e.jpg,Round cookies fully covered with rainbow sprinkles.,legacyVerified,high
polvoron-de-nuez__pecan-sugar-cookie,Polvorón de nuez / Pecan sugar cookie,Pecan polvorones,034-pecan-polvorones.jpg,https://images.squarespace-cdn.com/content/v1/5c50e9ee266c07d1c2579e2e/1560797250831-MHGA76QWZMZ5AXKW5HXS/0614191537d.jpg,Photo of Pecan polvorones from Juquilita Bakery.,legacyVerified,high
sandia__watermelon-shaped-cookie,Sandía / Watermelon shaped cookie,Sandía watermelon-shaped cookies,036-sandia-watermelon-shaped-cookies.jpg,https://images.squarespace-cdn.com/content/v1/5c50e9ee266c07d1c2579e2e/1549167730771-84Q2LU0EXH5LSFYZIOE0/0115190919_2+%281%29.jpg,Photo of Sandía watermelon-shaped cookies from Juquilita Bakery.,legacyVerified,high
concha__concha-sweet-bread,Concha / Concha sweet bread,Conchas,037-conchas.jpg,https://images.squarespace-cdn.com/content/v1/5c50e9ee266c07d1c2579e2e/1560793344185-2692QZCQNN9BE506D87C/IMG_3541.JPG,Photo of Conchas from Juquilita Bakery.,legacyVerified,high
chilindrina-de-chocolate__chocolate-chilindrina,Chilindrina de chocolate / Chocolate chilindrina,Chocolate chilindrinas,042-chocolate-chilindrinas.jpg,https://images.squarespace-cdn.com/content/v1/5c50e9ee266c07d1c2579e2e/1549167130546-JDGUIU27SW1ZB3B1MFA7/IMG_5957.JPG,Photo of Chocolate chilindrinas from Juquilita Bakery.,legacyVerified,high
bisquit__sweet-biscuit-bread,Bisquit / Sweet biscuit bread,Bisquit,043-bisquit.jpg,https://images.squarespace-cdn.com/content/v1/5c50e9ee266c07d1c2579e2e/1549137979434-ERKD6QDXDBRRTZ5NMVOQ/IMG_3534.JPG,Photo of Bisquit from Juquilita Bakery.,legacyVerified,high
magdalena-simple__plain-magdalena,Magdalena simple / Plain magdalena,Plain magdalenas,045-plain-magdalenas.jpg,https://images.squarespace-cdn.com/content/v1/5c50e9ee266c07d1c2579e2e/1549171758894-A07Y2UL7YA2PS9QGY1Z5/0115191046_2.jpg,Photo of Plain magdalenas from Juquilita Bakery.,legacyVerified,high
magdalena-con-gragea__sprinkle-magdalena,Magdalena con gragea / Sprinkle magdalena,Magdalenas with sprinkles,044-magdalenas-with-sprinkles.jpg,https://images.squarespace-cdn.com/content/v1/5c50e9ee266c07d1c2579e2e/1549137981734-CJGPT4EZ7EFOG7IY53G5/IMG_3535.JPG,Photo of Magdalenas with sprinkles from Juquilita Bakery.,legacyVerified,high
marranito__molasses-pig-cookie-bread,Marranito / Molasses pig cookie bread,Marranitos,046-marranitos.jpg,https://images.squarespace-cdn.com/content/v1/5c50e9ee266c07d1c2579e2e/1549137988530-L2DNEMA7UZ57YCH73ZXP/IMG_3540.JPG,Photo of Marranitos from Juquilita Bakery.,legacyVerified,high
rehilete-esponjado__fluffy-pinwheel,Rehilete esponjado / Fluffy pinwheel,Rehilete esponjado,067-rehilete-esponjado.jpg,https://images.squarespace-cdn.com/content/v1/5c50e9ee266c07d1c2579e2e/1549138059903-CEM3YPVUGPB32BH1YE38/IMG_5953.JPG,Photo of Rehilete esponjado from Juquilita Bakery.,legacyVerified,high
nopal__nopal-sweet-bread,Nopal / Nopal sweet bread,Nopal,071-nopal.jpg,https://images.squarespace-cdn.com/content/v1/5c50e9ee266c07d1c2579e2e/1648215697535-8Q1ELU3MBDHW30GRYJ4E/IMG_5975.jpg,Photo of Nopal from Juquilita Bakery.,legacyVerified,high
borracho__borracho-sweet-bread,Borracho / Borracho sweet bread,Borrachos,073-borrachos.jpg,https://images.squarespace-cdn.com/content/v1/5c50e9ee266c07d1c2579e2e/1549138113804-MV2C8E2Z2GJDGWA05A17/IMG_6023.JPG,Photo of Borrachos from Juquilita Bakery.,legacyVerified,high
borracho-de-chocolate__chocolate-borracho,Borracho de chocolate / Chocolate borracho,Chocolate borracho,074-chocolate-borracho.jpg,https://images.squarespace-cdn.com/content/v1/5c50e9ee266c07d1c2579e2e/1549138113744-GGK003H1YNHA75YR8K1T/IMG_6022.JPG,Photo of Chocolate borracho from Juquilita Bakery.,legacyVerified,high
nube__cloud-bread,Nube / Cloud bread,Nubes,075-nubes.jpg,https://images.squarespace-cdn.com/content/v1/5c50e9ee266c07d1c2579e2e/1549167109215-PHIUMQ493W2QIJRRQLSB/IMG_5967.JPG,Photo of Nubes from Juquilita Bakery.,legacyVerified,high
bigote__mustache-bread,Bigote / Mustache bread,Bigotes,077-bigotes.jpg,https://images.squarespace-cdn.com/content/v1/5c50e9ee266c07d1c2579e2e/1549138042247-QKZO07JL202DLNIRP6WN/IMG_5945.JPG,Photo of Bigotes from Juquilita Bakery.,legacyVerified,high
corbata-o-mono__bowtie-bread,Corbata o moño / Bowtie bread,Corbata or moño bowtie bread,078-corbata-or-mono-bowtie-bread.jpg,https://images.squarespace-cdn.com/content/v1/5c50e9ee266c07d1c2579e2e/1549167109581-VWJSGJXT66KO0A4HZLG3/IMG_5966.JPG,Photo of Corbata or moño bowtie bread from Juquilita Bakery.,legacyVerified,high
chirimoya__chirimoya-bread,Chirimoya / Chirimoya bread,Chirimoyas,080-chirimoyas.jpg,https://images.squarespace-cdn.com/content/v1/5c50e9ee266c07d1c2579e2e/1549138119737-NA3DXDN6E1S2BTWUMDQ0/IMG_6025.JPG,Photo of Chirimoyas from Juquilita Bakery.,legacyVerified,high
alcatraz__alcatraz-bread,Alcatraz / Alcatraz bread,Alcatraz,083-alcatraz.jpg,https://images.squarespace-cdn.com/content/v1/5c50e9ee266c07d1c2579e2e/1549165038531-DEHBOI4Z7UNFOLMI3LBW/0115191025c_2.jpg,Photo of Alcatraz from Juquilita Bakery.,legacyVerified,high
boquita__boquita-bread,Boquita / Boquita bread,Boquitas,084-boquitas.jpg,https://images.squarespace-cdn.com/content/v1/5c50e9ee266c07d1c2579e2e/1549165045012-Z7QGR83Y8F8JCLJCYXK3/0115191025a_2.jpg,Photo of Boquitas from Juquilita Bakery.,legacyVerified,high
tronco__log-bread,Tronco / Log bread,Troncos,085-troncos.jpg,https://images.squarespace-cdn.com/content/v1/5c50e9ee266c07d1c2579e2e/1549138009968-TYRLY0FX3N8KOYQEWVKT/IMG_3548.JPG,Photo of Troncos from Juquilita Bakery.,legacyVerified,high
elotito__corn-shaped-sweet-bread,Elotito / Corn-shaped sweet bread,Elotitos,087-elotitos.jpg,https://images.squarespace-cdn.com/content/v1/5c50e9ee266c07d1c2579e2e/1549165026019-7HFF4M40F359DYIN2U8A/0115191026d_2.jpg,Photo of Elotitos from Juquilita Bakery.,legacyVerified,high
gusano-polveado__powdered-worm-bread,Gusano polveado / Powdered worm bread,Powdered gusano bread,089-powdered-gusano-bread.jpg,https://images.squarespace-cdn.com/content/v1/5c50e9ee266c07d1c2579e2e/1549165025800-2SSPNIDJ3H2ZO0PI4XJ2/0115191026e_2.jpg,Photo of Powdered gusano bread from Juquilita Bakery.,legacyVerified,high
lengua__tongue-shaped-bread,Lengua / Tongue shaped bread,Lenguas,091-lenguas.jpg,https://images.squarespace-cdn.com/content/v1/5c50e9ee266c07d1c2579e2e/1549165030485-TMBACAI8B0AQ7F4LQPRP/0115191026d_3.jpg,Photo of Lenguas from Juquilita Bakery.,legacyVerified,high
panadero__panadero-sweet-bread,Panadero / Panadero sweet bread,Panadero,097-panadero.jpg,https://images.squarespace-cdn.com/content/v1/5c50e9ee266c07d1c2579e2e/1549165005779-OG1RWJI7383D2NWUFPY6/0115191037_2+%281%29.jpg,Photo of Panadero from Juquilita Bakery.,legacyVerified,high
panadero-de-chocolate__chocolate-panadero,Panadero de chocolate / Chocolate panadero,Chocolate panadero,096-chocolate-panadero.jpg,https://images.squarespace-cdn.com/content/v1/5c50e9ee266c07d1c2579e2e/1549165003659-R5NHS8ELJ7QMHONE9Y4L/0115191037b_2+%281%29.jpg,Photo of Chocolate panadero from Juquilita Bakery.,legacyVerified,high
nueces-normal__walnut-shaped-bread,Nueces normal / Walnut-shaped bread,Plain nueces,100-plain-nueces.jpg,https://images.squarespace-cdn.com/content/v1/5c50e9ee266c07d1c2579e2e/1560797307672-E62NMRBWX3HSFIR0FEYZ/0614191537a.jpg,Photo of Plain nueces from Juquilita Bakery.,legacyVerified,high
pan-de-manteca__shortening-bread,Pan de manteca / Shortening bread,,,,Photo coming soon for Shortening bread.,needsOwnerPhoto,low
piedra__piedra-bread,Piedra / Piedra bread,Piedras,047-piedras.jpg,https://images.squarespace-cdn.com/content/v1/5c50e9ee266c07d1c2579e2e/1549138027179-5GRLI56U5F65WO4NH4NF/IMG_3566.JPG,Photo of Piedras from Juquilita Bakery.,legacyVerified,high
ladrillo__brick-bread,Ladrillo / Brick bread,Ladrillos,048-ladrillos.jpg,https://images.squarespace-cdn.com/content/v1/5c50e9ee266c07d1c2579e2e/1549138020133-LKM5PH85KZLGBM1MATGN/IMG_3565.JPG,Photo of Ladrillos from Juquilita Bakery.,legacyVerified,high
cuerno__horn-bread,Cuerno / Horn bread,Cuerno,049-cuerno.jpg,https://images.squarespace-cdn.com/content/v1/5c50e9ee266c07d1c2579e2e/1549167072859-4HTCQX93OLPJ3OSU5SM6/IMG_5987.JPG,Photo of Cuerno from Juquilita Bakery.,legacyVerified,high
arete__ring-bread,Arete / Ring bread,Aretes,050-aretes.jpg,https://images.squarespace-cdn.com/content/v1/5c50e9ee266c07d1c2579e2e/1549167080145-6C9AHFYT4ELGQPA5LOQY/IMG_5983.JPG,Photo of Aretes from Juquilita Bakery.,legacyVerified,high
arete-rosa__pink-ring-bread,Arete rosa / Pink ring bread,Pink aretes,051-pink-aretes.jpg,https://images.squarespace-cdn.com/content/v1/5c50e9ee266c07d1c2579e2e/1549167080322-SG3W708XAJAOLYZDB1RH/IMG_5982.JPG,Photo of Pink aretes from Juquilita Bakery.,legacyVerified,high
mono-con-ajonjoli__sesame-bow-bread,Moño con ajonjolí / Sesame bow bread,Sesame moños,052-sesame-monos.jpg,https://images.squarespace-cdn.com/content/v1/5c50e9ee266c07d1c2579e2e/1549167101321-BZNALE95PS1FU7ZQZIWY/IMG_5971.JPG,Photo of Sesame moños from Juquilita Bakery.,legacyVerified,high
yoyo-de-ajonjoli__sesame-yoyo,Yoyo de ajonjolí / Sesame yoyo,Sesame yoyos,053-sesame-yoyos.jpg,https://images.squarespace-cdn.com/content/v1/5c50e9ee266c07d1c2579e2e/1549167104486-27PXAFSBXEOIBTJPYGP4/IMG_5968.JPG,Photo of Sesame yoyos from Juquilita Bakery.,legacyVerified,high
yoyo-de-gragea__sprinkle-yoyo,Yoyo de gragea / Sprinkle yoyo,Sprinkle yoyos,054-sprinkle-yoyos.jpg,https://images.squarespace-cdn.com/content/v1/5c50e9ee266c07d1c2579e2e/1549167101078-9FQIIUGXQHRZ5MRD7SX1/IMG_5970.JPG,Photo of Sprinkle yoyos from Juquilita Bakery.,legacyVerified,high
piez__piez-bread,Piez / Piez bread,Piez,093-piez.jpg,https://images.squarespace-cdn.com/content/v1/5c50e9ee266c07d1c2579e2e/1549165012567-R2BRTG8A9B8W8XSDGO6O/0115191031b_2+%281%29.jpg,Photo of Piez from Juquilita Bakery.,legacyVerified,high
piez-de-chocolate__chocolate-piez,Piez de chocolate / Chocolate piez,Chocolate piez,094-chocolate-piez.jpg,https://images.squarespace-cdn.com/content/v1/5c50e9ee266c07d1c2579e2e/1549165012952-DM57K374S9W63LDUP11C/0115191031a_2+%281%29.jpg,Photo of Chocolate piez from Juquilita Bakery.,legacyVerified,high
cuernito-polveado-de-chocolate__powdered-chocolate-horn,Cuernito polveado de chocolate / Powdered chocolate horn,Chocolate powdered cuernitos,095-chocolate-powdered-cuernitos.jpg,https://images.squarespace-cdn.com/content/v1/5c50e9ee266c07d1c2579e2e/1549165022621-CV1R1LM2EUFZ5NXL5JKJ/0115191031_2.jpg,Photo of Chocolate powdered cuernitos from Juquilita Bakery.,legacyVerified,high
nueces-polveadas__powdered-walnut-bread,Nueces polveadas / Powdered walnut bread,Powdered nueces,098-powdered-nueces.jpg,https://images.squarespace-cdn.com/content/v1/5c50e9ee266c07d1c2579e2e/1560797275706-ILJPLZF8NOYBWOJCJFUV/0614191536.jpg,Photo of Powdered nueces from Juquilita Bakery.,legacyVerified,high
empanada-de-crema-bavaria__bavarian-cream-empanada,Empanada de crema Bavaria / Bavarian cream empanada,Bavarian cream empanadas,101-bavarian-cream-empanadas.jpg,https://images.squarespace-cdn.com/content/v1/5c50e9ee266c07d1c2579e2e/1549167083362-MNNLY6G9HVVTSB47DBUD/IMG_5981.JPG,Photo of Bavarian cream empanadas from Juquilita Bakery.,legacyVerified,high
empanada-de-calabaza__pumpkin-empanada,Empanada de calabaza / Pumpkin empanada,Pumpkin empanadas,102-pumpkin-empanadas.jpg,https://images.squarespace-cdn.com/content/v1/5c50e9ee266c07d1c2579e2e/1549167087736-KBNF0QU7IO6LU67FQ1E6/IMG_5979.JPG,Photo of Pumpkin empanadas from Juquilita Bakery.,legacyVerified,high
empanada-de-manzana__apple-empanada,Empanada de manzana / Apple empanada,Apple empanadas,103-apple-empanadas.jpg,https://images.squarespace-cdn.com/content/v1/5c50e9ee266c07d1c2579e2e/1549167096249-X2F5MVCKAP3C0AIMJOJR/IMG_5972.JPG,Photo of Apple empanadas from Juquilita Bakery.,legacyVerified,high
empanada-de-pina__pineapple-empanada,Empanada de piña / Pineapple empanada,Pineapple empanadas,104-pineapple-empanadas.jpg,https://images.squarespace-cdn.com/content/v1/5c50e9ee266c07d1c2579e2e/1549167096058-Y4IQPPWKWUSCMYUC7D6X/IMG_5973.JPG,Photo of Pineapple empanadas from Juquilita Bakery.,legacyVerified,high
taquito-de-fresa__strawberry-filled-taquito,Taquito de fresa / Strawberry filled taquito,Strawberry taquitos,105-strawberry-taquitos.jpg,https://images.squarespace-cdn.com/content/v1/5c50e9ee266c07d1c2579e2e/1549167076197-PZBGS8MY6GCNTDLBEKXX/IMG_5985.JPG,Photo of Strawberry taquitos from Juquilita Bakery.,legacyVerified,high
taquito-de-crema-bavaria__bavarian-cream-taquito,Taquito de crema Bavaria / Bavarian cream taquito,Bavarian cream taquitos,106-bavarian-cream-taquitos.jpg,https://images.squarespace-cdn.com/content/v1/5c50e9ee266c07d1c2579e2e/1549167072913-K0WCVEISBIBJH39Y4TIM/IMG_5986.JPG,Photo of Bavarian cream taquitos from Juquilita Bakery.,legacyVerified,high
empanadita-de-cajeta__cajeta-mini-empanada,Empanadita de cajeta / Cajeta mini empanada,Cajeta empanaditas,107-cajeta-empanaditas.jpg,https://images.squarespace-cdn.com/content/v1/5c50e9ee266c07d1c2579e2e/1549171684536-O7UMTTL14FY3XTS7NLJ2/IMG_4450.JPG,Photo of Cajeta empanaditas from Juquilita Bakery.,legacyVerified,high
empanadita-de-pina__pineapple-mini-empanada,Empanadita de piña / Pineapple mini empanada,Pineapple empanaditas,108-pineapple-empanaditas.jpg,https://images.squarespace-cdn.com/content/v1/5c50e9ee266c07d1c2579e2e/1549171576975-P7Y49BE03NITODWS2SL7/0115190924.jpg,Photo of Pineapple empanaditas from Juquilita Bakery.,legacyVerified,high
oreja__elephant-ear-pastry,Oreja / Elephant ear pastry,Orejas elephant ears,137-orejas-elephant-ears.jpg,https://images.squarespace-cdn.com/content/v1/5c50e9ee266c07d1c2579e2e/1549138077823-A4UQCNCDJJ4HHM9LN5Y7/IMG_6002.JPG,Photo of Orejas elephant ears from Juquilita Bakery.,legacyVerified,high
campechana__campechana-pastry,Campechana / Campechana pastry,,,,Photo coming soon for Campechana pastry.,needsOwnerPhoto,low
banderilla__banderilla-pastry,Banderilla / Banderilla pastry,Banderilla,139-banderilla.jpg,https://images.squarespace-cdn.com/content/v1/5c50e9ee266c07d1c2579e2e/1549171628488-MKGFXN6MTMTF5IEOK2G0/IMG_5617+%281%29.JPG,Photo of Banderilla from Juquilita Bakery.,legacyVerified,high
reganada__reganada-pastry,Regañada / Regañada pastry,,,,Photo coming soon for Regañada pastry.,needsOwnerPhoto,low
rebanada-con-mantequilla__butter-sugar-slice,Rebanada con mantequilla / Butter sugar slice,Rebanada con mantequilla,127-rebanada-con-mantequilla.jpg,https://images.squarespace-cdn.com/content/v1/5c50e9ee266c07d1c2579e2e/1549138108059-S9F8FKSSEH7QUOT5SWWX/IMG_6021.JPG,Photo of Rebanada con mantequilla from Juquilita Bakery.,legacyVerified,high
cuerno-de-danes__danish-croissant,Cuerno de danés / Danish croissant,Danish cuerno croissant,135-danish-cuerno-croissant.jpg,https://images.squarespace-cdn.com/content/v1/5c50e9ee266c07d1c2579e2e/1549167070158-T3BL51NBVGYUFRSVAWTP/IMG_5989.JPG,Photo of Danish cuerno croissant from Juquilita Bakery.,legacyVerified,high
cono-danes-con-crema-bavaria__danish-cone-with-bavarian-cream,Cono danés con crema Bavaria / Danish cone with Bavarian cream,Danish cones with Bavarian cream,136-danish-cones-with-bavarian-cream.jpg,https://images.squarespace-cdn.com/content/v1/5c50e9ee266c07d1c2579e2e/1549138088652-8THQVNZ5YF4OA8N62DXI/IMG_6011.JPG,Photo of Danish cones with Bavarian cream from Juquilita Bakery.,legacyVerified,high
barquillo-de-crema-bavaria__puff-pastry-cone,Barquillo de crema Bavaria / Puff pastry cone,Bavarian cream barquillos,138-bavarian-cream-barquillos.jpg,https://images.squarespace-cdn.com/content/v1/5c50e9ee266c07d1c2579e2e/1549138131730-B8CCHF5TNVRGP6T4XFJ2/IMG_6034.JPG,Photo of Bavarian cream barquillos from Juquilita Bakery.,legacyVerified,high
empanada-dorada__apple-or-strawberry-turnover,Empanada dorada / Apple or strawberry turnover,Golden apple or strawberry turnovers,140-golden-apple-or-strawberry-turnovers.jpg,https://images.squarespace-cdn.com/content/v1/5c50e9ee266c07d1c2579e2e/1549138196264-UJWV6DA0CD6WMWSTONHU/IMG-5614.jpg,Photo of Golden apple or strawberry turnovers from Juquilita Bakery.,legacyVerified,high
canasta__fruit-basket-pastry,Canasta / Fruit basket pastry,Strawberry canastas,142-strawberry-canastas.jpg,https://images.squarespace-cdn.com/content/v1/5c50e9ee266c07d1c2579e2e/1549138072686-0248BVBFJSAMWXYBI3WY/IMG_5999.JPG,Basket-shaped pastries filled with strawberry jam.,legacyVerified,medium
taquito-dorado-de-guayaba-con-queso__guava-cream-cheese-pastry,Taquito dorado de guayaba con queso / Guava cream cheese pastry,Golden pineapple or guava and cheese taquitos,147-golden-pineapple-or-guava-and-cheese-taquitos.jpg,https://images.squarespace-cdn.com/content/v1/5c50e9ee266c07d1c2579e2e/1549138190509-0UKJZNW8WJYPCFK5G5D2/IMG-5613.jpg,Photo of Golden pineapple or guava and cheese taquitos from Juquilita Bakery.,legacyVerified,high
manteconcha__manteconcha,Manteconcha / Manteconcha,Manteconchas,148-manteconchas.jpg,https://images.squarespace-cdn.com/content/v1/5c50e9ee266c07d1c2579e2e/1549138045667-CO6Z8F8QN6A9TYHP5NRR/IMG_5608.JPG,Photo of Manteconchas from Juquilita Bakery.,legacyVerified,high
flauta-de-fresa__strawberry-flute-pastry,Flauta de fresa / Strawberry flute pastry,Strawberry flautas,149-strawberry-flautas.jpg,https://images.squarespace-cdn.com/content/v1/5c50e9ee266c07d1c2579e2e/1549170632759-XHR8U0JI0EXJ2MBD7FXJ/IMG_6037.PNG,Photo of Strawberry flautas from Juquilita Bakery.,legacyVerified,high
flauta-de-pina__pineapple-flute-pastry,Flauta de piña / Pineapple flute pastry,Pineapple flautas,150-pineapple-flautas.jpg,https://images.squarespace-cdn.com/content/v1/5c50e9ee266c07d1c2579e2e/1549170643590-YNQZ6CIXWNSYZIGH5TTP/IMG_6036.PNG,Photo of Pineapple flautas from Juquilita Bakery.,legacyVerified,high
mil-hojas-con-crema-bavaria__mil-hojas-with-bavarian-cream,Mil hojas con crema Bavaria / Mil hojas with Bavarian cream,,,,Photo coming soon for Mil hojas with Bavarian cream.,needsOwnerPhoto,low
mil-hojas-con-guayaba__mil-hojas-with-guava,Mil hojas con guayaba / Mil hojas with guava,,,,Photo coming soon for Mil hojas with guava.,needsOwnerPhoto,low
churro__plain-churro,Churro / Plain churro,Churros,124-churros.jpg,https://images.squarespace-cdn.com/content/v1/5c50e9ee266c07d1c2579e2e/1549168978527-H92T1S03JPPOEBUICVR2/0115190926a_HDR_2.jpg,Photo of Churros from Juquilita Bakery.,legacyVerified,high
churro-relleno-de-fresa__strawberry-filled-churro,Churro relleno de fresa / Strawberry filled churro,,,,Photo coming soon for Strawberry filled churro.,needsOwnerPhoto,low
churro-relleno-de-chocolate__chocolate-filled-churro,Churro relleno de chocolate / Chocolate filled churro,,,,Photo coming soon for Chocolate filled churro.,needsOwnerPhoto,low
churro-relleno-de-cajeta__cajeta-filled-churro,Churro relleno de cajeta / Cajeta filled churro,,,,Photo coming soon for Cajeta filled churro.,needsOwnerPhoto,low
dona-de-azucar__sugar-donut,Dona de azúcar / Sugar donut,Sugar donuts,130-sugar-donuts.jpg,https://images.squarespace-cdn.com/content/v1/5c50e9ee266c07d1c2579e2e/1549138101538-0DVOL9EZILMT2YJBBJ4S/IMG_6017.JPG,Photo of Sugar donuts from Juquilita Bakery.,legacyVerified,high
trenza__donut-twist,Trenza / Donut twist,Trenzas,131-trenzas.jpg,https://images.squarespace-cdn.com/content/v1/5c50e9ee266c07d1c2579e2e/1549138104586-25RB3GAKTKQXAOGDQSKX/IMG_6018.JPG,Photo of Trenzas from Juquilita Bakery.,legacyVerified,high
dona-glaseada__glazed-donut,Dona glaseada / Glazed donut,,,,Photo coming soon for Glazed donut.,needsOwnerPhoto,low
dona-de-chocolate__chocolate-donut,Dona de chocolate / Chocolate donut,Chocolate covered donuts,133-chocolate-covered-donuts.jpg,https://images.squarespace-cdn.com/content/v1/5c50e9ee266c07d1c2579e2e/1549138126279-IXJNS5TLR99R4C9F4FHW/IMG_6032.JPG,Photo of Chocolate covered donuts from Juquilita Bakery.,legacyVerified,high
dona-rellena-de-crema-bavaria__bavarian-cream-filled-donut,Dona rellena de crema Bavaria / Bavarian cream filled donut,Bavarian cream filled donuts,132-bavarian-cream-filled-donuts.jpg,https://images.squarespace-cdn.com/content/v1/5c50e9ee266c07d1c2579e2e/1549138107629-T9G4PN297GA8M34O7EG6/IMG_6019.JPG,Photo of Bavarian cream filled donuts from Juquilita Bakery.,legacyVerified,high
budin-clasico__classic-bread-pudding,Budín clásico / Classic bread pudding,Budín Mexican bread pudding,123-budin-mexican-bread-pudding.jpg,https://images.squarespace-cdn.com/content/v1/5c50e9ee266c07d1c2579e2e/1549138016813-0K68G6L6C37WHQ93CNBM/IMG_3564.JPG,Photo of Budín Mexican bread pudding from Juquilita Bakery.,legacyVerified,high
budin-de-durazno-y-coco__peach-coconut-bread-pudding,Budín de durazno y coco / Peach coconut bread pudding,,,,Photo coming soon for Peach coconut bread pudding.,needsOwnerPhoto,low
rebanada-de-tres-leches__tres-leches-cake-slice,Rebanada de tres leches / Tres leches cake slice,Tres leches sheet cake slices with strawberries,005-tres-leches-sheet-cake-slices-with-strawberries.jpg,https://images.squarespace-cdn.com/content/v1/5c50e9ee266c07d1c2579e2e/1686775518332-BBUWJ94V1SFCFBPMG914/IMG_1940.jpeg,"Tres leches cake slices topped with whipped cream, strawberries, and chocolate drizzle.",legacyVerified,high
flan__caramel-custard,Flan / Caramel custard,,,,Photo coming soon for Caramel custard.,needsOwnerPhoto,low
chocoflan__chocoflan-slice,Chocoflan / Chocoflan slice,,,,Photo coming soon for Chocoflan slice.,needsOwnerPhoto,low
tarta-de-fruta__fruit-tart,Tarta de fruta / Fruit tart,Fresh fruit tart,008-fresh-fruit-tart.jpg,https://images.squarespace-cdn.com/content/v1/5c50e9ee266c07d1c2579e2e/1686775870973-H4PJOFKABI8Z0C0QVAA4/IMG_2969.jpeg,"Fruit tart topped with strawberries, blueberries, banana, and cream.",legacyVerified,high
pinguino__penguin-cake,Pingüino / Penguin cake,Pingüino cakes,121-pinguino-cakes.jpg,https://images.squarespace-cdn.com/content/v1/5c50e9ee266c07d1c2579e2e/1549138138944-MQ54WLV751LRWQIC13EY/IMG-4445.jpg,Photo of Pingüino cakes from Juquilita Bakery.,legacyVerified,high
tomatillo__tomatillo-cake,Tomatillo / Tomatillo cake,Tomatillos,120-tomatillos.jpg,https://images.squarespace-cdn.com/content/v1/5c50e9ee266c07d1c2579e2e/1549138150566-9RGLOZ33H43KWCE8K7EJ/IMG-4447.jpg,Photo of Tomatillos from Juquilita Bakery.,legacyVerified,high
mechudo__mechudo-cake,Mechudo / Mechudo cake,Mechudos,119-mechudos.jpg,https://images.squarespace-cdn.com/content/v1/5c50e9ee266c07d1c2579e2e/1549138158513-WZYB435REO7O3P4PPSA1/IMG-4451.jpg,Photo of Mechudos from Juquilita Bakery.,legacyVerified,high
nino-envuelto__rolled-cake,Niño envuelto / Rolled cake,Niños envueltos,117-ninos-envueltos.jpg,https://images.squarespace-cdn.com/content/v1/5c50e9ee266c07d1c2579e2e/1549138140692-ICLBX720JFRPK52ASJUF/IMG-4446.jpg,Photo of Niños envueltos from Juquilita Bakery.,legacyVerified,high
cubilete-de-queso__mexican-cheese-pie,Cubilete de queso / Mexican cheese pie,Cubiletes de queso,122-cubiletes-de-queso.jpg,https://images.squarespace-cdn.com/content/v1/5c50e9ee266c07d1c2579e2e/1549138003796-P2N8BG0IYCW01OH02X9Z/IMG_3547.JPG,Photo of Cubiletes de queso from Juquilita Bakery.,legacyVerified,high
beso-yoyo__kiss-or-yoyo-cookie-sandwich,Beso / Yoyo / Kiss or yoyo cookie sandwich,Besos and yo-yos,125-besos-and-yo-yos.jpg,https://images.squarespace-cdn.com/content/v1/5c50e9ee266c07d1c2579e2e/1549138045664-MJVBENXVLDFFLPX6S2QZ/IMG_5946.JPG,Photo of Besos and yo-yos from Juquilita Bakery.,legacyVerified,high
mantecada-con-nuez__pecan-mantecada,Mantecada con nuez / Pecan mantecada,Mantecadas with pecan,111-mantecadas-with-pecan.jpg,https://images.squarespace-cdn.com/content/v1/5c50e9ee266c07d1c2579e2e/1549138081054-TAOXVNRM394080UMVMUS/IMG_6005.JPG,Photo of Mantecadas with pecan from Juquilita Bakery.,legacyVerified,high
mantecada-con-gragea-de-chocolate__chocolate-sprinkle-mantecada,Mantecada con gragea de chocolate / Chocolate-sprinkle mantecada,Mantecadas with chocolate sprinkles,113-mantecadas-with-chocolate-sprinkles.jpg,https://images.squarespace-cdn.com/content/v1/5c50e9ee266c07d1c2579e2e/1549138083579-C6BNFPQT7QLHV0YL8K7I/IMG_6007.JPG,Photo of Mantecadas with chocolate sprinkles from Juquilita Bakery.,legacyVerified,high
ojos-de-buey__ox-eye-pastry,Ojos de buey / Ox eye pastry,Ojos de Buey,116-ojos-de-buey.jpg,https://images.squarespace-cdn.com/content/v1/5c50e9ee266c07d1c2579e2e/1549171708382-9CZBW05JFDKWHUYEA3WT/0115190911_2+%281%29.jpg,Photo of Ojos de Buey from Juquilita Bakery.,legacyVerified,high
mini-cake-tres-leches__mini-tres-leches-cake,Mini cake tres leches / Mini tres leches cake,,,,Photo coming soon for Mini tres leches cake.,needsOwnerPhoto,low
pastel-1-4-de-plancha__1-4-sheet-cake,Pastel 1/4 de plancha / 1/4 sheet cake,,,,Photo coming soon for 1/4 sheet cake.,needsOwnerPhoto,low
pastel-1-2-de-plancha__1-2-sheet-cake,Pastel 1/2 de plancha / 1/2 sheet cake,,,,Photo coming soon for 1/2 sheet cake.,needsOwnerPhoto,low
pastel-plancha-completa__full-sheet-cake,Pastel plancha completa / Full sheet cake,,,,Photo coming soon for Full sheet cake.,needsOwnerPhoto,low
flan-1-4-de-plancha__quarter-sheet-flan-tray,Flan 1/4 de plancha / Quarter-sheet flan tray,,,,Photo coming soon for Quarter-sheet flan tray.,needsOwnerPhoto,low
chocoflan-10-pulgadas__10-inch-chocoflan,Chocoflan 10 pulgadas / 10 inch chocoflan,,,,Photo coming soon for 10 inch chocoflan.,needsOwnerPhoto,low
pastel-decorado-personalizado__custom-decorated-cake,Pastel decorado personalizado / Custom decorated cake,White 25th anniversary tier cake,014-white-25th-anniversary-tier-cake.jpg,https://images.squarespace-cdn.com/content/v1/5c50e9ee266c07d1c2579e2e/1549222296998-FD7E01L9E412V23AU72G/IMG_0207.JPG,White tiered 25th anniversary cake with piped decoration.,legacyVerified,high
pan-de-muerto-azucar-blanca__white-sugar-pan-de-muerto,Pan de Muerto azúcar blanca / White sugar Pan de Muerto,,,,Photo coming soon for White sugar Pan de Muerto.,needsOwnerPhoto,low
pan-de-muerto-azucar-rosa__pink-sugar-pan-de-muerto,Pan de Muerto azúcar rosa / Pink sugar Pan de Muerto,,,,Photo coming soon for Pink sugar Pan de Muerto.,needsOwnerPhoto,low
pan-de-muerto-de-yema-con-carita__oaxacan-face-pan-de-muerto,Pan de Muerto de yema con carita / Oaxacan face Pan de Muerto,Pan de Muerto muñecos with pan de yema,011-pan-de-muerto-munecos-with-pan-de-yema.jpg,https://images.squarespace-cdn.com/content/v1/5c50e9ee266c07d1c2579e2e/0ee549bb-86d8-40d9-a200-bad9258014ac/IMG_1728.jpg,Photo of Pan de Muerto muñecos with pan de yema from Juquilita Bakery.,legacyVerified,high
rosca-de-reyes__king-cake-ring,Rosca de Reyes / King cake ring,"Rosca de Reyes with green, yellow, and red topping",004-rosca-de-reyes-with-green-yellow-and-red-topping.jpg,https://images.squarespace-cdn.com/content/v1/5c50e9ee266c07d1c2579e2e/1686775596871-QD0K2PI2GD42G94KJXXP/IMG_1687.jpeg,"Close-up of Rosca de Reyes bread decorated with green, yellow, and red topping.",legacyVerified,medium
